{"eval_loss": 2.268158435821533, "eval_model_preparation_time": 0.0026, "eval_accuracy": 0.4000000059604645, "eval_runtime": 0.1448, "eval_samples_per_second": 34.522, "eval_steps_per_second": 6.904}