{"eval_loss": 0.2997547686100006, "eval_model_preparation_time": 0.002, "eval_accuracy": 0.8950416445732117, "eval_runtime": 12.4385, "eval_samples_per_second": 791.254, "eval_steps_per_second": 98.967}