{"eval_loss": 0.2405686378479004, "eval_model_preparation_time": 0.002, "eval_accuracy": 0.9256248474121094, "eval_runtime": 14.9505, "eval_samples_per_second": 658.304, "eval_steps_per_second": 82.338}