{"eval_loss": 1.2045657634735107, "eval_model_preparation_time": 0.002, "eval_accuracy": 0.6478357911109924, "eval_runtime": 13.8403, "eval_samples_per_second": 711.109, "eval_steps_per_second": 88.943}