{"eval_loss": 0.2997547686100006, "eval_model_preparation_time": 0.0057, "eval_accuracy": 0.8950416445732117, "eval_runtime": 17.6723, "eval_samples_per_second": 556.917, "eval_steps_per_second": 69.657}