{"eval_loss": 0.3823424279689789, "eval_model_preparation_time": 0.002, "eval_accuracy": 0.8611054420471191, "eval_runtime": 14.231, "eval_samples_per_second": 691.587, "eval_steps_per_second": 86.501}