{"eval_loss": 0.5887300372123718, "eval_model_preparation_time": 0.002, "eval_accuracy": 0.7844949960708618, "eval_runtime": 13.8038, "eval_samples_per_second": 712.992, "eval_steps_per_second": 89.178}