{"eval_loss": 0.2997547686100006, "eval_model_preparation_time": 0.0191, "eval_accuracy": 0.8950416445732117, "eval_runtime": 309.148, "eval_samples_per_second": 31.836, "eval_steps_per_second": 3.982}