{"eval_loss": 1.2043341398239136, "eval_model_preparation_time": 0.007, "eval_accuracy": 0.6479617953300476, "eval_runtime": 32.8551, "eval_samples_per_second": 299.405, "eval_steps_per_second": 37.437}